new_job_description_id,hist_job_description_id,desc_score
01695d973c707758c80d1f2d8e959816,01695d973c707758c80d1f2d8e959816,100
067730bb2fa6e4a1e89d8817299d05f2,20b99f132aae9fcad203514a5aac1b94,100
1a4e6daffb562c5cab38d27cbf71457b,1a4e6daffb562c5cab38d27cbf71457b,100
13eb0d410e286118d20b94b89e2490ed,30a84672ba98819a9b8658ed4d600ff9,95
357c7352285f9197ff2fb2f1af20d6cf,08ab7e14e3dbee59cf15860107689a8f,100
12230a5d55d00daf1d7ab8e45fad6c4f,8254acfd711298a92cff652524acd854,99
25c4e72cb6f37f1177d174b46d8f1c7a,51c5651c148a075a26fe723966c2db40,99
09cdd954e14fa12cbf1b062f68f8d59e,8192e41e8676e251452d32219181aeff,96
434f87168be8d5b503c8753f1ed065e4,1b44262aa43e9ddde94c7b4bb8c409bc,95
451f30a32c144010d399676fcebf3569,451f30a32c144010d399676fcebf3569,100
2e6d9c968e0db5a43e4b60a2cef51b0a,d3608c36164e46f351eb47c58d6cbd07,96
61c82b294f6ca1e4201d4c4c50a82eb3,1e1ed7752a655e0fcdfe9aa372d12351,100
2e08ab785d754086f91023180ac4c62e,aa8c7b154abef2a070636c7036ef9b46,99
5289ba94547444de1735878dea1085f7,5289ba94547444de1735878dea1085f7,100
6e40cd5a78c2832491879df6e65fe5ad,6e40cd5a78c2832491879df6e65fe5ad,100
754aa2fa6a6acb3418eca4ce2213e737,333583da3b900c2f0863688fdf90b24b,93
8f823bfd7504fd65c23c570ad5624c14,407e04b4c8229bece23a0716ad86017d,100
6353222a71ac7b9075395b4dcff55d9d,60b5574820a0f4ae97bd7877d5747ef8,96
6bd317ab30a8c959d9874f6492233aad,6bd317ab30a8c959d9874f6492233aad,100
8948cbb4553b5168ce4767a5fe9dcf9d,5f3e713cdb3092b31abf03338a806462,100
8192e41e8676e251452d32219181aeff,747940d2ef0a8501a42e553223ada895,91
604d1c8536d80289f78df953202b303a,8140c9fb1d9de463b048dd6cc4aac0d0,95
ada76dc6c3b9a68d2f12ca905fa0c924,337287bb2c9a2eae668e1aa6d027ecf0,100
8192e41e8676e251452d32219181aeff,8192e41e8676e251452d32219181aeff,100
6df36dde9721ea8f85d4d10a910693d3,60a05312f3ec5b143e6737e69d374a10,99
8d64224260e0aec48c64248ce98e2875,52e1b46c9734943a8367fb386e5cc2ad,100
903989b01c56ca2a114910085145980a,903989b01c56ca2a114910085145980a,100
8948cbb4553b5168ce4767a5fe9dcf9d,8948cbb4553b5168ce4767a5fe9dcf9d,100
6f680b2ca02536fda3886168888b2ca7,6f680b2ca02536fda3886168888b2ca7,100
936a4dfc8156e08d182274d920287dc9,62325054a28cd7b189ac3ea80614d826,100
ccdf1bf79807b4788c6e37930cb1b5a5,1e2a0e4fd32e58dc160c55116abad56f,100
e38bfe6121b14c04ff62ac9184495d29,0d86252aaa9c72dd1c46f661ebd28b11,100
754aa2fa6a6acb3418eca4ce2213e737,932913f84846adaba2d38a1c1a8ab65f,93
8192e41e8676e251452d32219181aeff,a0d21493aa4481dd4d9f9f882035ab01,94
aa51a4095288ab217ec3cf89d949896b,3bcd893c23783114638a075dc6b8a812,100
d75772ed3fb74d63a93b29f1cbbfb82e,2297b60f02bf4aafc6044da9754e5455,100
8f8a8331c61310e104b8823bd4732739,8f8a8331c61310e104b8823bd4732739,100
8afb910151747e6cf1779efd57b8299d,8afb910151747e6cf1779efd57b8299d,100
a08cfc20c87798996d46e0469bcce912,5dfe6fbebd106353abb2790c5c03afbd,100
767de465cccbf220f28991fdba48c919,c198c9d14b2c030b4efc447c8c6a09c6,96
a0d21493aa4481dd4d9f9f882035ab01,8192e41e8676e251452d32219181aeff,94
8192e41e8676e251452d32219181aeff,bf335b46deb38b6993a63cb034fa81e1,92
7e032ae4c54cdfa34b44a523ccf660e9,a42eb0cbe054a844ff6c5a6339d82635,97
8192e41e8676e251452d32219181aeff,cd7d890e933e0ab17dde7c10930e14d8,91
b7cebcc49959264127864ecc7f4d9354,b7cebcc49959264127864ecc7f4d9354,100
a0d21493aa4481dd4d9f9f882035ab01,a0d21493aa4481dd4d9f9f882035ab01,100
eacda73766bc3e07d07343e2f9dc1060,94673d3205c521cf617449602fa5e591,98
0092130383822c32f13cf7445d330645,0092130383822c32f13cf7445d330645,100
00a5bbc98ea99e12c68862db7146184b,00a5bbc98ea99e12c68862db7146184b,100
00aba620c879b33937a5626ee7035e9a,00aba620c879b33937a5626ee7035e9a,100
fdba59ed5440655d4e301d80bceacf3d,7aa9b47cff0516276d993721a9a6ef6f,92
d7c6414358b84718b379e21f77653a26,d7c6414358b84718b379e21f77653a26,100
fdba59ed5440655d4e301d80bceacf3d,85ddc7e06d47ec0599a9961f373f1454,100
d3608c36164e46f351eb47c58d6cbd07,d3608c36164e46f351eb47c58d6cbd07,100
0fdf1b30cb307f62c6e96df2cc610f67,0131c129a8e6fe9dde4fc5b8cdeafeaa,98
04f57cdc02e16ddb0ffea1f1a864d532,04f57cdc02e16ddb0ffea1f1a864d532,100
0427e965de0046a372ff321947af07ea,05318f31256256a5a01b17f01e2a6d24,91
0e79bf21aca3e69c6fbd05e8f70cf03a,02736a43a3b4dfbc06293faba5cec3c8,92
12f5ab13b41a8316436a08089c20e13f,01d9cdb4d259a95d786bdc730f466919,93
11af5e706dd0598bbd8580f1fcf82ede,05fcb8b774de72d61b663f844c847a96,99
150848978c8d953dfb33bdb3d4db05c8,013778457f9918c4f79a293cd6fe11a8,99
eacda73766bc3e07d07343e2f9dc1060,eacda73766bc3e07d07343e2f9dc1060,100
e78e47fa0e6e2bae1a9bbb99ff5743bc,a12ca71204fd1b2e32fa5834c13670b1,96
d7fd96f063d34a19d7ab2c9a590f342f,d7fd96f063d34a19d7ab2c9a590f342f,100
156e5b91b58b0218a14bced67304e61d,0490c26ea7bb8ccd8bf8f283533dc7a3,100
ee98cdeb93ffee74991e622fac8b7797,b38067710b58cf7aec9f80971a6fce78,97
873491d6821e6f4d800aad8544ce3fcf,f73c351bae28d3e0af04f390f1786c1f,100
104ceaf0e68a0b2e40cbf7c08b4d3527,07117c8f9e39c73db1c04297667bd8c4,97
0a8c2ca8012b92ca4f5384a4f7462257,0a8c2ca8012b92ca4f5384a4f7462257,100
c5b6cd2816f8816a7da66766ac7d8017,dbedeb105f2fbd135c7ba12a078fe6ef,99
0dea588c564074a654897a87a216bb5b,0dea588c564074a654897a87a216bb5b,100
1dfbafdbdcc070acf21b3b7e8638e453,0918fdbc7437789840fff4bada2a7581,100
aed5124baa1e074b1d6c9abdb3c1047a,c198c9d14b2c030b4efc447c8c6a09c6,100
148dddbb83b4070979e2db5afe115027,148dddbb83b4070979e2db5afe115027,100
17da4c8daac1f9ed4f6eb881b1bc18ef,0e079838c98d136711813eb10aa27c27,92
246b6f451c1a5ed05b7932780cc87862,07aa0f66563d16496dfe08a0f4f471f3,97
099d842f2501a9183738259983ef3e6a,099d842f2501a9183738259983ef3e6a,100
fdba59ed5440655d4e301d80bceacf3d,fdba59ed5440655d4e301d80bceacf3d,100
e6b64928aa090484cb8e88a2cc040548,c198c9d14b2c030b4efc447c8c6a09c6,96
1d7437583e2e89c79da33e4d1ac65816,139c5b95f58d53f23ec9a92a053fedec,98
12815ce117f8ddf8b008828239ea45b8,12815ce117f8ddf8b008828239ea45b8,100
11b9ae555e14e5ca0a58d8053f9a4e2c,11b9ae555e14e5ca0a58d8053f9a4e2c,100
017a25c6cb1c713f1e64714fa1a99614,16582533ccc32fc00cb85949a2d453bd,100
10c6c6b670a50ef951c5b7680750dd03,1a5b6fafafb5ffff15376d29eb5f1aa6,91
123974133d8162f3ed4fcbd3fae09bdf,123974133d8162f3ed4fcbd3fae09bdf,100
16dbf246588e19807f36022c832b3676,16dbf246588e19807f36022c832b3676,100
133be97fe963cf8b9d6228a3ef3fcac0,45c4dec3feb77bf30545d624341197d8,91
2785a231eecc1ce8b4dda7f0bbff6c44,110e4d0a68c25e85bf9ddca0bce04439,99
3d769b6a4cdbc361e9bdf621b7e6957c,0566016fc5d9f807ca6b50eef2e5a837,100
2c97a7575f3f1d3fd60ea157dc6a84a5,110e4d0a68c25e85bf9ddca0bce04439,97
2785a231eecc1ce8b4dda7f0bbff6c44,12a6b02435de4f9cd039bb74518dad15,97
3ed5eaaac27da9eb2345f0002f16d20a,06c08232b8b83096764b98a519886e59,100
2b60177b471c57bd5d1db5c22182fa1b,110e4d0a68c25e85bf9ddca0bce04439,95
24ad1c01e34d6fd74f741e87084cf8da,11e18d166c04f586cffa1c7ea1522673,92
1329a7e0d5ddb753d0c89341bd4f0807,217da80b8d27aa8a83f97894341b43bb,98
1947af6d7ba8646b7c9035357fb74ae4,1947af6d7ba8646b7c9035357fb74ae4,100
2b60177b471c57bd5d1db5c22182fa1b,12a6b02435de4f9cd039bb74518dad15,99
3f399d5216e80ec64cb9410014676aca,07d2b04ec6cf460a83f4480fc5aa2c88,91
0b5de0fb2f555ea2e60a3a2dbbe9be06,1d2801c0efa543f4e0a0bf60f095f276,96
2c97a7575f3f1d3fd60ea157dc6a84a5,12a6b02435de4f9cd039bb74518dad15,99
17e91bf3659c46579a819f2bcf1bafaf,3b8fbea214e67747b63ec02372b2c228,98
29b0f74d5a21e7fa4680387924de08a9,0fe1823f3ba6978390139fb88419d2ce,100
34923c7b3008ba0068f3d3b423d0ad4c,0e57dcd1c923c7efc7529d056e27d8ef,91
2785a231eecc1ce8b4dda7f0bbff6c44,195fd30fc11908efe2e367515176948c,97
2785a231eecc1ce8b4dda7f0bbff6c44,196e093d8aa16808f8094fce4489e1d5,97
25cd888afe9d573cea2cf3b0750d4438,25cd888afe9d573cea2cf3b0750d4438,100
2b60177b471c57bd5d1db5c22182fa1b,195fd30fc11908efe2e367515176948c,93
0b4ea5a73a83ca2a57da8208f42705ad,2ba70fca5b37b843cc666820f258c481,100
2138d7236ade090d8cf04e23573fc41f,2138d7236ade090d8cf04e23573fc41f,100
2c97a7575f3f1d3fd60ea157dc6a84a5,195fd30fc11908efe2e367515176948c,94
1aa6dbb2a2f3857352d91921a6baabe3,1aa6dbb2a2f3857352d91921a6baabe3,100
2cae064a0542d45890dc7f36d980371b,2cae064a0542d45890dc7f36d980371b,100
1fd5d37c08970755541ece0d1b007721,1fd5d37c08970755541ece0d1b007721,100
3c88c46eee235fe607ee734e42de64ac,3c88c46eee235fe607ee734e42de64ac,100
1f90c6c4a590fc9582ce392f77dc217e,256e78d765c116eeef09073c0c59788b,93
3254173918751fdb8e0de865ff015e77,34d3603997036db182c5a8699da5e83b,94
2938b1c39ae2c37608d2e90d78726aca,229864fdba63b80564b7d0633c5afc30,100
021f70a3e57806e65ed9d0c6918db7fd,2f387b6448a497cdf31c68f83759e93e,99
05cc15d62aa78629afdb718691bca169,35fc85f34f9240fb65961bfe87a8f083,99
1947816fa394dd6985f12ec6a05e0b16,22f331191e66abe81ea845c667745865,100
3449127ae46b1dfb7249d41fd568960f,1cc0c11deb4346a63dabdc7d4b938b03,94
4a7e23a0671fc3a9a61181dc5aefe0b8,07dc31899d2491a242828b9be2e668e7,99
22df04c7ba77ec7fb18ee0954b0154cd,4560bea2f2401b4c176882acb19ff76e,98
23d93bf718a99973e71bf858cc605fcb,23d93bf718a99973e71bf858cc605fcb,100
31925d3bc0f7184a1102240fa475fe2d,22e5aad55f5b97f1ad3e45e001734176,100
344eb32667c8be93a4158c4e85a9c817,1d44f616f63cbcda954abba86e2c6c1c,100
1b20d597fece206ac1019a1b562d3186,43d90b6735f1b0e5007c63c95fad70a7,99
22f331191e66abe81ea845c667745865,22f331191e66abe81ea845c667745865,100
24c893e9e5e373290213f7f60ad42091,24c893e9e5e373290213f7f60ad42091,100
145a9001d77bd6164ae77c741f5af81a,343599733171d7dfa1bbdc7ebdfb44e5,100
246b6f451c1a5ed05b7932780cc87862,3a1ba1a8028db46c3abd68b6b5e00273,93
2785a231eecc1ce8b4dda7f0bbff6c44,2e9d1e4dfe7132ffa682a9c04c86595d,97
408c4db7145b39fc0bb59f60b7cd6a16,28d4331b2289c02d412f0f8bd00a13e4,97
246b6f451c1a5ed05b7932780cc87862,3b73cbecc909fabc5548b947ea8e0dcc,94
2b60177b471c57bd5d1db5c22182fa1b,2e9d1e4dfe7132ffa682a9c04c86595d,95
017a25c6cb1c713f1e64714fa1a99614,35697c17b5804c31ab502e33c4bcda74,99
1720a29eecd796d37fa4ba9484c0f04d,3a1ba1a8028db46c3abd68b6b5e00273,100
1d7437583e2e89c79da33e4d1ac65816,5ba0ddf7b948ebc645dde1ac3a1ba131,96
47c93388992d71656981a44196d7f75c,1743ab8ebeb6e019615c9c0282e0e0d2,100
16db273e512536b6168a0275ee9a9d22,48e321d71399922d9ce503aa14e4f01b,100
512c877586be37b19a40f115186011f9,07dc31899d2491a242828b9be2e668e7,99
2c97a7575f3f1d3fd60ea157dc6a84a5,2e9d1e4dfe7132ffa682a9c04c86595d,96
0e79bf21aca3e69c6fbd05e8f70cf03a,3cd19d76d2bee4d5d8123fcfeab9123f,91
05365cacf0fa2fa0e5fe5c2f73b750bb,72f01e4c6d3bd6036cbda9bcacda6e4c,100
4f19fe4e76dc1ac0797bf7f91f44bbca,222ea8b0bcb046418b0439cebd559e36,100
1fa7f7ba45a0edc20f68f044b0b2e278,3822e013a71ab349d866a0521577f6b2,100
1947af6d7ba8646b7c9035357fb74ae4,3f0176d7970e6ffa9f92b00a27ca401a,93
0b44282d49ec3d1ec2ce6dc0d43b839b,499974aaf7b4764781e786e8662e754b,100
33cc04d93d619caf99bfd3dae7900279,2e8271f48dc409f047401dd927e6e22e,99
0404bcea759b2f5a56ed4c5f1a2ec61d,5969fe34a523953f6a654a06c8c8c34d,94
0404bcea759b2f5a56ed4c5f1a2ec61d,5b102e757e616ee74ecf2d70b9bbda16,94
57eb7af1756933b32d16e612af88287b,064f092c00170daf62af50dc458ef768,99
21d9c29b18607c025dabe91a9b4bcf35,701090a7cfb90614ceceecf8e0877af5,100
20cc93904667e282f5457ed48c152add,4893c97328b7a6ab3f50efa36f21954f,100
07f8e931cabfdcab0876c1185792a37e,a8c8a1441de64151c55da5c6dc1f76af,100
34901dde9f2218ecdaf1eaf74f487b84,3245b02811bb10a9a0d7264dbb5bd837,93
3d6b3b20de1816c05eb8a4ee9ddfb954,3245b02811bb10a9a0d7264dbb5bd837,93
344ab05c3cb24adf545b3b5a94b2c1e3,48e321d71399922d9ce503aa14e4f01b,94
2785a231eecc1ce8b4dda7f0bbff6c44,456f3cf7d97f9a761507d0c094684c35,97
41e243771849af13d0052cd24fbb6bee,41e243771849af13d0052cd24fbb6bee,100
493184f0c95e55c91d05a4d6011138f9,493184f0c95e55c91d05a4d6011138f9,100
2785a231eecc1ce8b4dda7f0bbff6c44,47719708a8c43412bf5b0bc25445a602,96
3de3eff280fb37eb2d1668e41053efc2,3de3eff280fb37eb2d1668e41053efc2,100
256786ac827fb2b21a0af3ce02f39a32,3f23b09939d6e387142565f6fa0078c9,100
344eb32667c8be93a4158c4e85a9c817,344eb32667c8be93a4158c4e85a9c817,100
344eb32667c8be93a4158c4e85a9c817,34840c3198b9a1a85817cc4aa2afa080,100
2785a231eecc1ce8b4dda7f0bbff6c44,49609dce11c50e89cf3c80cd7c7026f5,95
104ceaf0e68a0b2e40cbf7c08b4d3527,4f623b350699c94abfd044bc0a676119,93
2fcac5d67845fa4b395b0d361ed33b78,53bece617adab338283890e5ce42ca8c,97
2b60177b471c57bd5d1db5c22182fa1b,456f3cf7d97f9a761507d0c094684c35,92
30c75fe228beb44e175e182cc05d2088,46f043d00854a61a6d1faac8c609279c,94
2b60177b471c57bd5d1db5c22182fa1b,47719708a8c43412bf5b0bc25445a602,96
30c75fe228beb44e175e182cc05d2088,47dff1bbb648c2e0896cc2302df5a41c,92
11d7601ed4c7d9e09a3eecf2d9858ad9,778a32f86f652bc8a79b963a292bd597,99
2b60177b471c57bd5d1db5c22182fa1b,49609dce11c50e89cf3c80cd7c7026f5,100
6256dd3d4d00602a698c04d9fb744432,019a04dce1937da841896e35ff976301,91
6106a3630c09b083de27cfd5c5daecd7,06ad4efdf8b31e90035e54c62b6228bb,93
1f7cc606106e4db88bcc87a06b2e006d,61017ce0d923bbc1b0422fb54118ca6a,91
148dd243aafbf29e9c00a26f57406ccd,4b98c55414fb8a36ccee8c7d5f095a05,91
2c97a7575f3f1d3fd60ea157dc6a84a5,456f3cf7d97f9a761507d0c094684c35,94
0e79bf21aca3e69c6fbd05e8f70cf03a,522aca51fd48107140088fbf8356264a,98
2c97a7575f3f1d3fd60ea157dc6a84a5,47719708a8c43412bf5b0bc25445a602,96
1947816fa394dd6985f12ec6a05e0b16,429d88cb30edee7d5613b6f053b98f0c,98
3449127ae46b1dfb7249d41fd568960f,3f7d5bd2d4ef31f683bb97d9958e5dcb,96
2c97a7575f3f1d3fd60ea157dc6a84a5,49609dce11c50e89cf3c80cd7c7026f5,99
34f5853423d2009ba4664b196bd7268f,628a2176957f6430bffa00041b6d85d5,100
1da4b19ce3e018683f1e72429875cb88,603562a9c74e74d5cc0372db0a78a741,100
2785a231eecc1ce8b4dda7f0bbff6c44,556c3fd443813dda4f6ece57d41f9bf0,99
3f23b09939d6e387142565f6fa0078c9,3f23b09939d6e387142565f6fa0078c9,100
2785a231eecc1ce8b4dda7f0bbff6c44,5679c417b51b7bd7412d2c994a443f3e,97
4ab18e96c5322ad8c429d55509ad852b,33cf213a07f0d7fdea016a65cf9c9440,100
22f331191e66abe81ea845c667745865,429d88cb30edee7d5613b6f053b98f0c,98
30c75fe228beb44e175e182cc05d2088,55284a2d48c15b7a9bdf51b7474d85b6,98
427a25aed646b81c9f5b32913467f071,6be325ed881e31d330b75c3325677de8,98
675621f925cd1fcbda041009b54f1e8d,00a5bbc98ea99e12c68862db7146184b,93
2b60177b471c57bd5d1db5c22182fa1b,556c3fd443813dda4f6ece57d41f9bf0,95
25a90f0bdfda0e94077bd632384696ca,5628d22705d330f00df7aedf76d99969,100
37a683d75958adc44298b9bbcd489892,8a4974e1b15bdead179da04fe3595590,100
25de6df76a06dc08b41178e13cf83fe6,8a30bfab69b678aaf74bffbaa4f90434,98
0f54dffb5544d18866fc0369c0b8e336,6aa65c8a302488dec1d0d53f2eb22b8e,100
45448973a4743330a8569547f26f277f,3bde3c1265d40d2bbca0d4f232559feb,95
10c951a4ceb6904de6e63a84fdb755cd,7fb2f368f947e9faf880b00cd6f0c3a7,97
35399239cf6b1304e387e8b869043438,4324cc0bd9cc5e37e4dd5475d9771688,92
2c97a7575f3f1d3fd60ea157dc6a84a5,556c3fd443813dda4f6ece57d41f9bf0,98
0a883f5ade7266791b5bc8458e71c5f1,7584823ddfa229a283b27f78e2751d2a,100
1c83946055b3bed1fc86047267affeac,98d3ace7079682d301c19aa282b9aafb,100
1f7cc606106e4db88bcc87a06b2e006d,7652591d165f14a02253b0ccab1a5c42,91
0e79bf21aca3e69c6fbd05e8f70cf03a,5fc2e06e8fa2974087ccb832c9e21fd3,93
3671289d78ed0b1b69387d3e4a3d68d7,3671289d78ed0b1b69387d3e4a3d68d7,100
638c4cc1d0443a9635b2aae9e38009c6,113412b51ff066cc94c5f148992cda01,91
67d76fe349e4bab52e17de0e11410c28,0ca4d1fcaa5b0c42200f031d5aff8ae4,94
63e6d19c474efba300532441ba5fb46a,110e4d0a68c25e85bf9ddca0bce04439,98
2cb2855d11b4c624bf8ccd40a0ebc7a1,873d9f62b1aaa87785ad100424ad39f4,100
641842fe7dc409b97d566ed24ca3dc04,110e4d0a68c25e85bf9ddca0bce04439,92
6dc0c5342c8d883dcf497328f8cf4623,02736a43a3b4dfbc06293faba5cec3c8,92
63e6d19c474efba300532441ba5fb46a,12a6b02435de4f9cd039bb74518dad15,97
1c4438e75deb21fa770d10af476b2ad3,e93a47e579360af44e102642bbe1177d,99
69ba13fc8025f24f803fca299fc3fbae,0a843c0c3d305f27239d0a9703f2073d,100
33d92f0c712fb3fc67f35b38eb75bd1a,9898953949edb402c631b9bf0272e17d,97
1f71f46680fd665f5a885d58daaad8aa,e489f40e71034fa0372b81c050d3759f,99
2785a231eecc1ce8b4dda7f0bbff6c44,68b99ca5f043601718c999d7f6fd53e1,96
33cc04d93d619caf99bfd3dae7900279,534a395c07447563f01ee3c4ec648c33,95
5be7f9ebceaa1aa179c037a8d35f66b7,5be7f9ebceaa1aa179c037a8d35f66b7,100
5b07d73d580fcc1fb068c126d9f86575,330dcb7452c3dba98dac543d3dc3a8ed,99
63e6d19c474efba300532441ba5fb46a,195fd30fc11908efe2e367515176948c,98
4ac673991ee3b04b6097c22ef075c938,4ac673991ee3b04b6097c22ef075c938,100
2b60177b471c57bd5d1db5c22182fa1b,68b99ca5f043601718c999d7f6fd53e1,94
2785a231eecc1ce8b4dda7f0bbff6c44,6edbb2bf16021cbec6f4d520ce6048a1,93
48b7607a244fce3ed6c4e8a8635a638f,5376c8dcf167b32cf184059a59cfa860,100
2d3fa4468c413a4f6a0ddb5123332fb3,56d0e82df43eaac7e00df2b6cb074930,99
1329a7e0d5ddb753d0c89341bd4f0807,7fa07b2e9acff75fd156c6b9f103aebe,97
2c97a7575f3f1d3fd60ea157dc6a84a5,68b99ca5f043601718c999d7f6fd53e1,95
22da18c3d8bbe03402af213b4d040fa1,794d1bd5e0518434fe0c05b8ad454319,100
6d1b199a3cfa914416c2595ab044e03d,110e4d0a68c25e85bf9ddca0bce04439,97
44e5ad34068d89f254792873255e1bad,44e5ad34068d89f254792873255e1bad,100
0fdf1b30cb307f62c6e96df2cc610f67,8155448512e6ba86687f8e3509b680e4,98
54fed2b02fee2c29ddb8ba1040575a0c,41a412e53382baa4db9cdc3d705ecf8a,99
66170ccc00a4606c1adc6f080042a5d5,16582533ccc32fc00cb85949a2d453bd,99
6d1b199a3cfa914416c2595ab044e03d,12a6b02435de4f9cd039bb74518dad15,98
34923c7b3008ba0068f3d3b423d0ad4c,53e3d83c35edc120e97b5913cb24ff53,92
6f15221cf5928c305618780f0ac08911,113412b51ff066cc94c5f148992cda01,93
63c0d779622fd25be8698363d91f4bd0,299bee1d301cbc82838ae4d51f8adc43,98
7312c8e0195f550d730eb92e01d5bf41,116a32b299f902e964ddad0c4f3be129,100
4a7e23a0671fc3a9a61181dc5aefe0b8,53bbb9f34ca0d68e5152dcfa7eedc3f4,100
6d1b199a3cfa914416c2595ab044e03d,195fd30fc11908efe2e367515176948c,94
63e6d19c474efba300532441ba5fb46a,2e9d1e4dfe7132ffa682a9c04c86595d,98
2c46b5f5c461fe299c7b9107644ad827,a07f868bea5d7427d942c54d9ab0fcae,100
43e5285fb830667012a3d6c301abd6cf,7d8abf5bd470a39f3d955d9f4e215e37,95
6c233064407fae6d1d6450408476ba49,3c2516905c61cee08435c9a1e93b4274,93
51fe714001efeeb8d538cc8f24ccb234,51fe714001efeeb8d538cc8f24ccb234,100
37a6cc98e27c2b34db8dc4d4ab2c3ea3,767d0652cee357b4a8239952f0d3dd47,100
2fcf68d42a0540f5b02314cf42b5439d,77716c5704c1a3cbf50052d1d5cebccc,91
37b9e41f30106a3772e867b1272266dc,e653df1ea1459bd886dbbc0a9d10983a,97
33cc04d93d619caf99bfd3dae7900279,6bcac2b55e05c3a781de64a880d7309d,94
72d041b5cf13d41e6eaeb5fe7093852a,1c46d6667312c88c5e901a3e52780828,100
34901dde9f2218ecdaf1eaf74f487b84,719305d8cc87ae148c1733eb7fe08a82,91
5d2c74f344c7d46f15ac6d9d59413dee,9e7cb7f81ab354bf75fd1b0a9ca1e819,97
3d6b3b20de1816c05eb8a4ee9ddfb954,719305d8cc87ae148c1733eb7fe08a82,91
467702d5176b7fb8492e423fb5bda6a4,92c106ab9fc3fea757314f0aa788bfee,100
61f53c61221df7177f939b4baf25daa9,61f53c61221df7177f939b4baf25daa9,100
7ef0c7c205cd5184ff8896fb9655c18a,071e8981c690beec3adc0a9abff64e8b,100
67d76fe349e4bab52e17de0e11410c28,3b2f7e6016d965d373f31aa82e0c7acf,92
54e041e1bc6979869f825718d45c743c,62fec81113c28c9981497ceb2f7b064d,100
524b0c377a86d24423931c308d11ea09,b2e4a4f5317698fde50f8d774add97c8,100
45448973a4743330a8569547f26f277f,63724dab7267c6b2cf63124965a397b8,94
2785a231eecc1ce8b4dda7f0bbff6c44,8f2061a20a15ef15b5f2fe20ba0adbbc,97
5c5c6b0125249ce3a406eb18941957b4,4c88b5bb7eecd06c3f37cd7e547185f9,100
718436bd3afada3d57dca839744f7986,444b2c927c7b1d90fcaa654f4932f80c,100
22edcfcac2af8f2b85d2be2d91958a0d,bbfde40c75291d5704bcdb5d65fa81fb,95
7e9dc63e4a91b2285d436069ec483c9e,15f1b694aa87feca356e57b81353df2f,100
512c877586be37b19a40f115186011f9,53bbb9f34ca0d68e5152dcfa7eedc3f4,100
0e79bf21aca3e69c6fbd05e8f70cf03a,8b828f86106cd1fd7a0a11d0182a5eca,99
7ee056a08223a2b3442f939c66eed858,0f9d80ee352d7f1ea6ee5514e31c3a6e,94
783921a022202722e6331aa05380185d,101e73009f7470edc0890a8029d53437,93
2b60177b471c57bd5d1db5c22182fa1b,8f2061a20a15ef15b5f2fe20ba0adbbc,92
427accf2309ea3013ff99118e68284b9,c4124b2fb8057492bbb1cec80db742f5,100
7213f411ef9c9a241c37e408260932a3,42d58ed3f08cedb742d68c2dc8fb78b8,100
6d1b199a3cfa914416c2595ab044e03d,2e9d1e4dfe7132ffa682a9c04c86595d,96
63e6d19c474efba300532441ba5fb46a,456f3cf7d97f9a761507d0c094684c35,98
63e6d19c474efba300532441ba5fb46a,47719708a8c43412bf5b0bc25445a602,98
761ace80c9011d94cde2a4f8a3b32913,217da80b8d27aa8a83f97894341b43bb,98
57b534e06965bcc325d8f0415203e672,8a262a81925c6534403411b0c201450a,100
12d9234e651e97bc1793781b30f13767,6071d3ce1fe7ffb2bee3c874c698b420,100
63e6d19c474efba300532441ba5fb46a,49609dce11c50e89cf3c80cd7c7026f5,97
8033bc905c4dee0b99f31952d4b507ad,110e4d0a68c25e85bf9ddca0bce04439,96
5b44e939731151b7dbdcf278eeefad40,bb4ef2bb487ad02d105a4688338b73bd,98
820684a5d2047e1ca5add628b7456499,110e4d0a68c25e85bf9ddca0bce04439,97
641842fe7dc409b97d566ed24ca3dc04,456f3cf7d97f9a761507d0c094684c35,91
5e66dd4ff33b52d8e606247ca97bebc6,715c42593e79eb71526519329ebe66ec,95
2c97a7575f3f1d3fd60ea157dc6a84a5,8f2061a20a15ef15b5f2fe20ba0adbbc,94
83aff16c7f6d92bd9ca53944dab0d37a,0e57dcd1c923c7efc7529d056e27d8ef,91
638c4cc1d0443a9635b2aae9e38009c6,4893c97328b7a6ab3f50efa36f21954f,93
0d975496e998c965b2b3727802ae053d,d220cc71a1d7bfceb5a5b2f01b86a6e7,100
0f464ee13364329d243209d5c402af56,95b4aec6b39a921316e9daa505e1eec8,98
7fb4bd9a515caeaae9fc55e1329a4dc1,28b10a40574a08c2d6ea7fbd781917b2,97
66170ccc00a4606c1adc6f080042a5d5,35697c17b5804c31ab502e33c4bcda74,100
3254173918751fdb8e0de865ff015e77,fe62b10647ea9869e47f75c58daf6aca,92
8033bc905c4dee0b99f31952d4b507ad,195fd30fc11908efe2e367515176948c,95
2fcf68d42a0540f5b02314cf42b5439d,91f2847b9fc4f1bdf60ecf39019391af,93
820684a5d2047e1ca5add628b7456499,195fd30fc11908efe2e367515176948c,100
63e6d19c474efba300532441ba5fb46a,556c3fd443813dda4f6ece57d41f9bf0,100
3649d48438427a44e9d346353a17d4fe,775ca0232136685d8ffa614d6c127716,91
63e6d19c474efba300532441ba5fb46a,5679c417b51b7bd7412d2c994a443f3e,98
77317091a7fc1a7f5bab0ebeeda30405,2a33d4202fa3a51934a823f7de26050e,98
54fed2b02fee2c29ddb8ba1040575a0c,7990f0c02e287d750f90c13566d747a0,91
683cae04485fe92bdda247f0f5545046,4324cc0bd9cc5e37e4dd5475d9771688,94
50d31789c0bd4c903355ec6bc5b075bc,50d31789c0bd4c903355ec6bc5b075bc,100
4c4cf7f921f883deadaeb2877d315821,93e4a07bd0d5362b6c5635061bf60598,98
2dfa9e7b1e1451f15dec855646c927a2,9f36f9aa3409fc2e86eb99a5c549f54c,100
2785a231eecc1ce8b4dda7f0bbff6c44,a61adb4c1e810f7a685b6384780afb72,97
641842fe7dc409b97d566ed24ca3dc04,556c3fd443813dda4f6ece57d41f9bf0,93
7e101840a4046f4aa16508bba2cf6236,348aebf08525ec3b29153bd0b7d87808,91
344eb32667c8be93a4158c4e85a9c817,8949190ee7e6dbc95321437c440fcada,99
4c4cf7f921f883deadaeb2877d315821,970c56912912209247d586617e2ab6c2,98
28901048bb2999d547255768d83b7fd5,b0804ea7282857caf0586904845e86b4,97
701090a7cfb90614ceceecf8e0877af5,701090a7cfb90614ceceecf8e0877af5,100
6d1b199a3cfa914416c2595ab044e03d,456f3cf7d97f9a761507d0c094684c35,95
6d1b199a3cfa914416c2595ab044e03d,47719708a8c43412bf5b0bc25445a602,96
2b4e9feb6fdd09375944438bb04ef15d,aad42b3a467c5887d8f6a58fda838231,100
1e3ec518eb80ac734ae6a45f8c3351d1,eeefb0c586cd8c5d322d05510805e1d2,100
2b60177b471c57bd5d1db5c22182fa1b,a61adb4c1e810f7a685b6384780afb72,95
6d1b199a3cfa914416c2595ab044e03d,49609dce11c50e89cf3c80cd7c7026f5,99
524b0c377a86d24423931c308d11ea09,fcc8c02b3a9687f42d35e6cf58a76142,100
5f9608b0147ac97184432b0099406c7d,5f9608b0147ac97184432b0099406c7d,100
3649d48438427a44e9d346353a17d4fe,8560950eec5f11e03120df10e5179c72,91
5f457eaad377a80cbbf25287ffdafd41,5f457eaad377a80cbbf25287ffdafd41,100
80ae75be662bcfc8e2ac7b3ce4d6554c,34f5cf53adf2133b867041cfbbc02e7b,100
774a6429ce4e079ccceabe5d46b1533b,6b33eb543fdce75c9983994f5aa1c94e,100
63e6d19c474efba300532441ba5fb46a,68b99ca5f043601718c999d7f6fd53e1,97
45454b03647a620e72bb9eea950b039c,b0804ea7282857caf0586904845e86b4,100
2785a231eecc1ce8b4dda7f0bbff6c44,b2fa5797c30a63f538c0880fbde994dd,92
8033bc905c4dee0b99f31952d4b507ad,2e9d1e4dfe7132ffa682a9c04c86595d,98
76918c754b9a0370097a9a0d5cc03387,44caaa0c2e5f0225b5144eceab96e8b5,100
820684a5d2047e1ca5add628b7456499,2e9d1e4dfe7132ffa682a9c04c86595d,99
6f15221cf5928c305618780f0ac08911,4893c97328b7a6ab3f50efa36f21954f,100
67d76fe349e4bab52e17de0e11410c28,7371d1bede6f48a3cbac9b411487a16d,93
04fb0bf2a1e3b3129434c1f606c8b5a1,a03222eb1c2fd9c20317be2d0db0be75,100
10c6c6b670a50ef951c5b7680750dd03,d17ca805cf53ca9b6bfcf22a51fe8d82,100
2c97a7575f3f1d3fd60ea157dc6a84a5,a61adb4c1e810f7a685b6384780afb72,96
2aabce88fd7be4012af2177d5ba82f7c,c89d1764e5f59409485940caaa888362,100
62fae3da23c16f57140eb9c7495c4d83,62fae3da23c16f57140eb9c7495c4d83,100
63e6d19c474efba300532441ba5fb46a,6edbb2bf16021cbec6f4d520ce6048a1,94
818d4259e3fd25c8e30d693d344cb61a,818d4259e3fd25c8e30d693d344cb61a,100
2785a231eecc1ce8b4dda7f0bbff6c44,b7da68374a205a385112f2720889de56,96
6d1b199a3cfa914416c2595ab044e03d,556c3fd443813dda4f6ece57d41f9bf0,98
72baf2b61583c1958b5338c708896dad,8a30bfab69b678aaf74bffbaa4f90434,100
3de3eff280fb37eb2d1668e41053efc2,be56b72de79a2b2edc30cc4853b43130,94
67d76fe349e4bab52e17de0e11410c28,7ae6ed580b64d5ee66cd79a0f340c309,99
148dd243aafbf29e9c00a26f57406ccd,a69315aa1cdf6dca4b657d5e593cbcef,93
41ef661956b6add870ba24f5984b53ad,cfd3f31486e4245004e2edf492544532,92
2b60177b471c57bd5d1db5c22182fa1b,b7da68374a205a385112f2720889de56,96
5be0bac280d5909f0bd6d3479be89d01,8ddbd7e9469fa0cc4a1c23843f708d80,100
67c0136cd80bc6c2c2fa1e382dec274a,a17f3ca45c4c94f0a8b428f4052aaf00,100
28901048bb2999d547255768d83b7fd5,c8c6e3d5288edcfc06acb6f74205a534,96
9d18f2ebf78c503b95804c36cfb6f2ea,0279d520b989bcc116cc74e2263c692d,93
28901048bb2999d547255768d83b7fd5,ca0b9e5b66ea5b455aac135b8b9f8999,97
411f41c064e666d52ca83f4b59917778,9b37a447d7571b70eb50f04496b6146f,96
54dd4da8cd91a24ef0f4398d6ef20214,ebea5d5753110558bb03e669f0f11d92,100
946eecad13b018beff2b8c575ca9ac3b,113412b51ff066cc94c5f148992cda01,94
0f643b468440fc8e44299289846fda98,abe5a56f89fbde4c2b7aee33507e8ae3,91
73f10176e5834fcf843648c5390b852b,78a5eab2b3fda12a6b9b6c52a0941d69,93
663527ea06ce45aa2731e8e4a3c165d1,5f9608b0147ac97184432b0099406c7d,92
64611a179c96a50a1e2f06e3c10f2a54,d6cb94f3be6a9fdc114e80bbe39d240c,100
6fb3e6a9bffc331bd250f211090b4bc9,900c3f582da4d2fc617acaca226f32b8,100
45454b03647a620e72bb9eea950b039c,c8c6e3d5288edcfc06acb6f74205a534,97
9ac467a1a925f0c263d552b39288ea60,0ca4d1fcaa5b0c42200f031d5aff8ae4,93
45454b03647a620e72bb9eea950b039c,ca0b9e5b66ea5b455aac135b8b9f8999,99
527dc9bfdd9338bdc24a7528a4133136,b0804ea7282857caf0586904845e86b4,96
2c97a7575f3f1d3fd60ea157dc6a84a5,b7da68374a205a385112f2720889de56,96
6eededa64eead69f8f61549df3e46246,6eededa64eead69f8f61549df3e46246,100
29bdb3d31c787948458ab25d5d4215ff,b80ff251bcf819216703dd6d38960b62,100
0b726c71f2b927ade802214dcce681cb,dcb80838bb73ec5bcc555bb85651ece2,100
38f1ee48e60361020d7a2b772d67f3e7,ddeaee46a248ee11d25e58eb40161aa9,100
7d6a44882ce180e0b2b7b4783e821215,79f33ce47169533622f70f1ae639e94f,99
6d1b199a3cfa914416c2595ab044e03d,68b99ca5f043601718c999d7f6fd53e1,96
9877f05ab7e6e358db28962cd6b94b62,113412b51ff066cc94c5f148992cda01,91
411f41c064e666d52ca83f4b59917778,a48722d08fbf8237ea68d6cde735f498,95
80efa4350cc2d6403e6298e9b4505fb0,a2c956f087841c525de51be88886b55f,91
8033bc905c4dee0b99f31952d4b507ad,456f3cf7d97f9a761507d0c094684c35,96
820684a5d2047e1ca5add628b7456499,456f3cf7d97f9a761507d0c094684c35,95
8033bc905c4dee0b99f31952d4b507ad,47719708a8c43412bf5b0bc25445a602,97
25a90f0bdfda0e94077bd632384696ca,cdf22c3a74e37e3f40ebcd59fcef0a9e,99
733f432decab597853ac36da3f4b06b6,62e83e3c7e9b10744725ee834a906e32,100
820684a5d2047e1ca5add628b7456499,47719708a8c43412bf5b0bc25445a602,99
8033bc905c4dee0b99f31952d4b507ad,49609dce11c50e89cf3c80cd7c7026f5,92
76b958dc1d55764739ae05b69cf05c2b,76b958dc1d55764739ae05b69cf05c2b,100
148dd243aafbf29e9c00a26f57406ccd,b9dcc27cf0ce0a501dcd1208d9e78d5b,93
7ecbfd90cda1604fa268dd9561d5e159,803b069bce153e2f2ab05cac0677149f,100
4a4a770a4a768c79a6fc57276bd97baf,bcdfc14c13b4472155667af6bbcf9536,91
7d2984881e9157e08323529c634d5f2b,b5aca335cb38614ad5f800d7354062ee,97
820684a5d2047e1ca5add628b7456499,49609dce11c50e89cf3c80cd7c7026f5,95
9d18f2ebf78c503b95804c36cfb6f2ea,2015ca8dfa842b2eed8cad91ba3af8c4,100
67d76fe349e4bab52e17de0e11410c28,96801b75f29ba02785c0fd93802d3236,97
6dc0c5342c8d883dcf497328f8cf4623,5fc2e06e8fa2974087ccb832c9e21fd3,94
63e6d19c474efba300532441ba5fb46a,8f2061a20a15ef15b5f2fe20ba0adbbc,98
2785a231eecc1ce8b4dda7f0bbff6c44,d59010421a22fe61dfeb88d71fd286a6,96
78df9dbb45e3b23e7581201d3b6975d0,900c3f582da4d2fc617acaca226f32b8,100
411f41c064e666d52ca83f4b59917778,aef59eba4df6cc581ced34376268c4f2,93
524c655bc507a8c0b038874fa405631c,b0804ea7282857caf0586904845e86b4,98
5e66dd4ff33b52d8e606247ca97bebc6,bc39f5bd41ee29150f011e79929e03cd,95
6106a3630c09b083de27cfd5c5daecd7,c92ae7ecce9cc1945039938e80fb5295,91
2b60177b471c57bd5d1db5c22182fa1b,d59010421a22fe61dfeb88d71fd286a6,96
8033bc905c4dee0b99f31952d4b507ad,556c3fd443813dda4f6ece57d41f9bf0,97
8033bc905c4dee0b99f31952d4b507ad,5679c417b51b7bd7412d2c994a443f3e,98
31082480f48d8be973375c61c20a5999,7bf8836aa626b85e7934274b2aee041f,100
06b3f746f3afb0496a7460cc49c8bd2d,db106e8229572850e073eda959f6738a,99
344eb32667c8be93a4158c4e85a9c817,b083b6d748e9a9b7b9650d78a28d66af,99
787a8f394b10fe07333902a75aba0d31,7f657ff836be271215c5436609e49d6d,100
820684a5d2047e1ca5add628b7456499,556c3fd443813dda4f6ece57d41f9bf0,98
507c8f6b828a921465f3995bdcc4f788,d3c4e115e4257e2e91c3f54e2c696707,99
527dc9bfdd9338bdc24a7528a4133136,c8c6e3d5288edcfc06acb6f74205a534,93
3a13ce76b017f420494938aff1f238e8,f4a2157d513472844380b22b2a6144d6,100
527dc9bfdd9338bdc24a7528a4133136,ca0b9e5b66ea5b455aac135b8b9f8999,96
78d61620193a35edf913c3eb23693b1c,78d61620193a35edf913c3eb23693b1c,100
a714cea15ee44ceabbbe0fe61bfd6158,0c54066a068e80cf344fe8d107871363,100
2c97a7575f3f1d3fd60ea157dc6a84a5,d59010421a22fe61dfeb88d71fd286a6,95
641842fe7dc409b97d566ed24ca3dc04,8f2061a20a15ef15b5f2fe20ba0adbbc,91
96b6485adb163f6798cbe0898e4b2c01,3b2f7e6016d965d373f31aa82e0c7acf,92
741dcacbb6d6839e8cb293e1a7e5b03d,a8a975e8199e711aa5109103b923963e,93
7d67bf3832a0336b7761c9746fa19b00,7584823ddfa229a283b27f78e2751d2a,100
2785a231eecc1ce8b4dda7f0bbff6c44,e3d5306103c101c347616204010500a8,96
896072c244943db6f94c22beff80c77e,605b94a97d69b7108a374547a37152fa,98
a1cd6a77ad459f48f87eee7433d7dfaa,227506bf0df9ff1acaedc04b18a4ffbe,100
a8428623d77307a6ebf6f19d129a0d5d,07dc31899d2491a242828b9be2e668e7,99
1060f65b7e5aadd0b2c417bf13e7f246,be923d9ba4195a36f5ae83157d9ce2f6,100
2785a231eecc1ce8b4dda7f0bbff6c44,e7e2a619a40a28cd566e84d3295b9dd4,94
06b3f746f3afb0496a7460cc49c8bd2d,e58b3b50413b33b4d8caf1c64a7ff131,99
2b15ca6bcbb61d9f78767d866291b877,e612135905cdab5ec0e72ceff4aa06c0,100
7c12de22b6b5517423102747ef9cbe4f,7c12de22b6b5517423102747ef9cbe4f,100
76918c754b9a0370097a9a0d5cc03387,76918c754b9a0370097a9a0d5cc03387,100
2b60177b471c57bd5d1db5c22182fa1b,e3d5306103c101c347616204010500a8,93
8d7fa927bf50159a05e211994c6a085b,8d7fa927bf50159a05e211994c6a085b,100
34923c7b3008ba0068f3d3b423d0ad4c,a18ca91c8be395c03338c5c9966b9c8e,93
83aff16c7f6d92bd9ca53944dab0d37a,53e3d83c35edc120e97b5913cb24ff53,92
344eb32667c8be93a4158c4e85a9c817,bacfe21dfe464f4d1f78c1f0a774f4f6,99
6256dd3d4d00602a698c04d9fb744432,8f135ead46e5795aabae2cbe1c185dbd,91
af5ec52aa506d38133b6d0f4eb79f80a,019a04dce1937da841896e35ff976301,91
2b60177b471c57bd5d1db5c22182fa1b,e7e2a619a40a28cd566e84d3295b9dd4,99
73758a92592129d693fb1f9c3276e592,73758a92592129d693fb1f9c3276e592,100
9ac467a1a925f0c263d552b39288ea60,3b2f7e6016d965d373f31aa82e0c7acf,93
63e6d19c474efba300532441ba5fb46a,a61adb4c1e810f7a685b6384780afb72,98
7522c7cbfaf81d3041e702e690d152db,d1ff22f38154962fadd363d849056390,100
2c97a7575f3f1d3fd60ea157dc6a84a5,e3d5306103c101c347616204010500a8,93
524c655bc507a8c0b038874fa405631c,c8c6e3d5288edcfc06acb6f74205a534,98
683cae04485fe92bdda247f0f5545046,8acb58624575fa80370268332b8ccf19,91
761ace80c9011d94cde2a4f8a3b32913,7fa07b2e9acff75fd156c6b9f103aebe,97
844f9a96aa36e43d9f1e3142232d9e6b,c7f2df0775ff88015aa1ca03ba26687b,94
8033bc905c4dee0b99f31952d4b507ad,68b99ca5f043601718c999d7f6fd53e1,95
524c655bc507a8c0b038874fa405631c,ca0b9e5b66ea5b455aac135b8b9f8999,98
820684a5d2047e1ca5add628b7456499,68b99ca5f043601718c999d7f6fd53e1,96
924b584fd12077e8a5012516c8ef113a,924b584fd12077e8a5012516c8ef113a,100
2c97a7575f3f1d3fd60ea157dc6a84a5,e7e2a619a40a28cd566e84d3295b9dd4,99
728be2c059b7776a161f68705cef5087,a04fe4eecfc2c47c8b9f3ce297bf0f9d,99
6d1b199a3cfa914416c2595ab044e03d,8f2061a20a15ef15b5f2fe20ba0adbbc,95
3649d48438427a44e9d346353a17d4fe,b7d99530b555f21de6bf75d456a82494,91
81ab7f30ebd214106a70be6e289c7bb0,7730ede1e17e2bf1556dff03143ce0ee,100
8799cf920951189b5455fcf13d75e710,756c32f3c9ee53663a691ab6d646b86c,92
6dc0c5342c8d883dcf497328f8cf4623,7f470ee3f94caebbacb7882e90a83806,100
8033bc905c4dee0b99f31952d4b507ad,6edbb2bf16021cbec6f4d520ce6048a1,91
9ac17ddcb3ccac6070f03b9252a72ac1,3490f82fca496846023f7d3236aad97c,100
84768d6013dbcd2be533129f9a4e4af9,73c546359572c70abadc6a572f19975c,91
11b9ae555e14e5ca0a58d8053f9a4e2c,c0ffae6a0e1afa14555ad2bdaf2b876e,91
3061accf8aec9653df30c96b287fa875,cf56c32b3d4528d47c1dcf94bb9cc5eb,100
820684a5d2047e1ca5add628b7456499,6edbb2bf16021cbec6f4d520ce6048a1,95
8fc50baf28af4bb3c75c4a18c2185ddd,8583dcec514e337b90e0b2aba60ed7ed,100
7e7921861a9e8800ffa48498560e7278,7e7921861a9e8800ffa48498560e7278,100
017a25c6cb1c713f1e64714fa1a99614,d233f7b3d7ca0cc703b5768697f7dd89,99
67d76fe349e4bab52e17de0e11410c28,becea290554e6e92531a0873a8eeb9e2,93
63e6d19c474efba300532441ba5fb46a,b2fa5797c30a63f538c0880fbde994dd,93
b2c4a5235ddbfe27f87c658475e11e10,110e4d0a68c25e85bf9ddca0bce04439,99
641842fe7dc409b97d566ed24ca3dc04,a61adb4c1e810f7a685b6384780afb72,93
8d27d6c2a82da3d6a999ab1b9428ed02,b5e401c6c645c3cd113fb0080286127f,96
2785a231eecc1ce8b4dda7f0bbff6c44,fd948fc1e5c819a82b2b1dfc50f36e32,96
bab840198a41264dae750452ca3624f5,037702956260e88cbd9a7ca72d4e5090,95
8614bc8b6c1d98e695d353b3776c51dd,8614bc8b6c1d98e695d353b3776c51dd,100
b2c4a5235ddbfe27f87c658475e11e10,12a6b02435de4f9cd039bb74518dad15,98
a586e162ed55a4a0190b2d8b2401c26c,2686ba7efa6d9c9dbfa7c75cbecb1575,100
63e6d19c474efba300532441ba5fb46a,b7da68374a205a385112f2720889de56,98
a714cea15ee44ceabbbe0fe61bfd6158,336783392ca161bcdb142ac2b8b2fa01,100
2b60177b471c57bd5d1db5c22182fa1b,fd948fc1e5c819a82b2b1dfc50f36e32,93
5e66dd4ff33b52d8e606247ca97bebc6,fa4cfc751e79f49ebe2cb9c5d89cb559,97
29bdb3d31c787948458ab25d5d4215ff,f3d44c0abc409e644affe5566de1fecc,100
b2c4a5235ddbfe27f87c658475e11e10,195fd30fc11908efe2e367515176948c,98
a3855dc4f720035f6d785e7627d42e4d,2e8271f48dc409f047401dd927e6e22e,97
b2c4a5235ddbfe27f87c658475e11e10,196e093d8aa16808f8094fce4489e1d5,98
b717aa87da323a3ca0ada81a3bdd1ed4,110e4d0a68c25e85bf9ddca0bce04439,96
2c97a7575f3f1d3fd60ea157dc6a84a5,fd948fc1e5c819a82b2b1dfc50f36e32,93
34923c7b3008ba0068f3d3b423d0ad4c,b6823bdece202f20355fe0d5c8ae6e4a,91
51fe714001efeeb8d538cc8f24ccb234,e118e2b63478fd23c5e5e754c561a874,98
6e3e402f19675d195e39b5a6606dd09f,bcdfc14c13b4472155667af6bbcf9536,91
6debac434680e68c80cbdb541fafae23,829f7a5a9add0ae5451931938f9ff787,100
2fcf68d42a0540f5b02314cf42b5439d,f6d51ed58f32dfd1efde9eb4778dbab8,94
6fb3e6a9bffc331bd250f211090b4bc9,ec857e6c0453a46881f0e0ee96e3208a,100
7d7058c52f8b1df2b050e901685351af,7d7058c52f8b1df2b050e901685351af,100
187d50db6bbc23f82fce3fece55fb306,eff5c97b0acaad012e0488438d635a2c,100
8e04a1a93d113143a6e506873b3c6d0c,c48fd4a6e53f52ede2a8343b11f2c694,99
84719c3d86c6f994355bd78959246c8c,8d2e46a85ddf74a372941e0b2ed316d5,92
0fcd930c76097a5e6fa9acd118c67696,deb4e2ee9d4130a06b1e9a24c9ed8cf4,95
a9a64042d71f563dbe07c339f4aeda81,373068ed8e512610a36ccbe8a546d14b,100
733f432decab597853ac36da3f4b06b6,9e3b7747066a943eb6ebff2b644dd35f,92
af1c5e5a9aae3e1ce2567b5713cf9ee8,28dbf79e783ea6cfd9ebb92cc782f283,100
7268e6d9214265398aae262ee0e78573,9fc3fa7ce727c007992134812cd43028,100
b717aa87da323a3ca0ada81a3bdd1ed4,195fd30fc11908efe2e367515176948c,98
0e70457d5dc0a7f03a5e0936a172d2b4,e0e1b71a4665f4e3a85257d196136833,100
bb31652b57262a4b4efc18050b6ff619,110e4d0a68c25e85bf9ddca0bce04439,95
6d1b199a3cfa914416c2595ab044e03d,a61adb4c1e810f7a685b6384780afb72,97
c512b1a53925e0d7ff37bb746bf221c4,059dbca2c0c221e2d8411a49a4a3e6b9,99
96060293fe85520c9f1a09b7ee2b4aef,900c3f582da4d2fc617acaca226f32b8,100
ab85d789c57eccc4f8967380bdfc55c2,3323525677d06b1117f2d88a1e2dfa9b,91
c3ad14da644e5c2c99750e7f76600e35,07117c8f9e39c73db1c04297667bd8c4,92
6fb3e6a9bffc331bd250f211090b4bc9,f62a37eb6d648ff572f3919af77a5f47,100
8e88b1622c0a16dc083bcd70dcc2fdf6,8e88b1622c0a16dc083bcd70dcc2fdf6,100
2b60177b471c57bd5d1db5c22182fa1b,e7e2a619a40a28cd566e84d3295b9dd4,99
73758a92592129d693fb1f9c3276e592,73758a92592129d693fb1f9c3276e592,100
9ac467a1a925f0c263d552b39288ea60,3b2f7e6016d965d373f31aa82e0c7acf,93
63e6d19c474efba300532441ba5fb46a,a61adb4c1e810f7a685b6384780afb72,98
7522c7cbfaf81d3041e702e690d152db,d1ff22f38154962fadd363d849056390,100
2c97a7575f3f1d3fd60ea157dc6a84a5,e3d5306103c101c347616204010500a8,93
524c655bc507a8c0b038874fa405631c,c8c6e3d5288edcfc06acb6f74205a534,98
683cae04485fe92bdda247f0f5545046,8acb58624575fa80370268332b8ccf19,91
761ace80c9011d94cde2a4f8a3b32913,7fa07b2e9acff75fd156c6b9f103aebe,97
844f9a96aa36e43d9f1e3142232d9e6b,c7f2df0775ff88015aa1ca03ba26687b,94
8033bc905c4dee0b99f31952d4b507ad,68b99ca5f043601718c999d7f6fd53e1,95
524c655bc507a8c0b038874fa405631c,ca0b9e5b66ea5b455aac135b8b9f8999,98
820684a5d2047e1ca5add628b7456499,68b99ca5f043601718c999d7f6fd53e1,96
924b584fd12077e8a5012516c8ef113a,924b584fd12077e8a5012516c8ef113a,100
2c97a7575f3f1d3fd60ea157dc6a84a5,e7e2a619a40a28cd566e84d3295b9dd4,99
728be2c059b7776a161f68705cef5087,a04fe4eecfc2c47c8b9f3ce297bf0f9d,99
6d1b199a3cfa914416c2595ab044e03d,8f2061a20a15ef15b5f2fe20ba0adbbc,95
3649d48438427a44e9d346353a17d4fe,b7d99530b555f21de6bf75d456a82494,91
81ab7f30ebd214106a70be6e289c7bb0,7730ede1e17e2bf1556dff03143ce0ee,100
8799cf920951189b5455fcf13d75e710,756c32f3c9ee53663a691ab6d646b86c,92
6dc0c5342c8d883dcf497328f8cf4623,7f470ee3f94caebbacb7882e90a83806,100
8033bc905c4dee0b99f31952d4b507ad,6edbb2bf16021cbec6f4d520ce6048a1,91
9ac17ddcb3ccac6070f03b9252a72ac1,3490f82fca496846023f7d3236aad97c,100
84768d6013dbcd2be533129f9a4e4af9,73c546359572c70abadc6a572f19975c,91
11b9ae555e14e5ca0a58d8053f9a4e2c,c0ffae6a0e1afa14555ad2bdaf2b876e,91
3061accf8aec9653df30c96b287fa875,cf56c32b3d4528d47c1dcf94bb9cc5eb,100
820684a5d2047e1ca5add628b7456499,6edbb2bf16021cbec6f4d520ce6048a1,95
8fc50baf28af4bb3c75c4a18c2185ddd,8583dcec514e337b90e0b2aba60ed7ed,100
7e7921861a9e8800ffa48498560e7278,7e7921861a9e8800ffa48498560e7278,100
017a25c6cb1c713f1e64714fa1a99614,d233f7b3d7ca0cc703b5768697f7dd89,99
67d76fe349e4bab52e17de0e11410c28,becea290554e6e92531a0873a8eeb9e2,93
63e6d19c474efba300532441ba5fb46a,b2fa5797c30a63f538c0880fbde994dd,93
b2c4a5235ddbfe27f87c658475e11e10,110e4d0a68c25e85bf9ddca0bce04439,99
641842fe7dc409b97d566ed24ca3dc04,a61adb4c1e810f7a685b6384780afb72,93
8d27d6c2a82da3d6a999ab1b9428ed02,b5e401c6c645c3cd113fb0080286127f,96
2785a231eecc1ce8b4dda7f0bbff6c44,fd948fc1e5c819a82b2b1dfc50f36e32,96
bab840198a41264dae750452ca3624f5,037702956260e88cbd9a7ca72d4e5090,95
8614bc8b6c1d98e695d353b3776c51dd,8614bc8b6c1d98e695d353b3776c51dd,100
b2c4a5235ddbfe27f87c658475e11e10,12a6b02435de4f9cd039bb74518dad15,98
a586e162ed55a4a0190b2d8b2401c26c,2686ba7efa6d9c9dbfa7c75cbecb1575,100
63e6d19c474efba300532441ba5fb46a,b7da68374a205a385112f2720889de56,98
a714cea15ee44ceabbbe0fe61bfd6158,336783392ca161bcdb142ac2b8b2fa01,100
2b60177b471c57bd5d1db5c22182fa1b,fd948fc1e5c819a82b2b1dfc50f36e32,93
5e66dd4ff33b52d8e606247ca97bebc6,fa4cfc751e79f49ebe2cb9c5d89cb559,97
29bdb3d31c787948458ab25d5d4215ff,f3d44c0abc409e644affe5566de1fecc,100